<?xml version="1.0" encoding="UTF-8"?>
<project-private xmlns="http://www.netbeans.org/ns/project-private/1">
    <editor-bookmarks xmlns="http://www.netbeans.org/ns/editor-bookmarks/2" lastBookmarkId="0"/>
    <open-files xmlns="http://www.netbeans.org/ns/projectui-open-files/2">
        <group>
            <file>file:/Users/juanignacioobiolgarcia/Desktop/Proyecto%20De%20IPC/proyecto_ipc-main/Conecta4_Cova_Obiol/src/conecta4main/Conecta4Controller.java</file>
            <file>file:/Users/juanignacioobiolgarcia/Desktop/Proyecto%20De%20IPC/proyecto_ipc-main/Conecta4_Cova_Obiol/src/conecta4main/RegistroController.java</file>
            <file>file:/Users/juanignacioobiolgarcia/Desktop/Proyecto%20De%20IPC/proyecto_ipc-main/Conecta4_Cova_Obiol/src/conecta4main/Conecta4Main.java</file>
            <file>file:/Users/juanignacioobiolgarcia/Desktop/Proyecto%20De%20IPC/proyecto_ipc-main/Conecta4_Cova_Obiol/src/conecta4main/LoginController.java</file>
        </group>
    </open-files>
</project-private>
